﻿{
  "Records":[
    {
      "ID":6
    ,
      "Jenis":0
    ,
      "Kode":"8992772122245"
    ,
      "KodeC2":"8992772122245"
    ,
      "KodeC3":"8992772122245"
    ,
      "KodeC4":"8992772122245"
    ,
      "KodeC5":"8992772122245"
    ,
      "Kode2":""
    ,
      "GrpStkID":3
    ,
      "GroupStk":"OBAT"
    ,
      "GrpSt2ID":0
    ,
      "GroupSt2":"---"
    ,
      "GrpSt3ID":0
    ,
      "GroupSt3":"---"
    ,
      "Nama":"ADEM SARI"
    ,
      "NamaEx1":""
    ,
      "NamaEx2":""
    ,
      "ExtInfo1":""
    ,
      "ExtInfo2":""
    ,
      "ExtInfo3":""
    ,
      "MUHargaBeli":1
    ,
      "MUHargaJual1":1
    ,
      "MUHargaJual2":1
    ,
      "MUHargaJual3":1
    ,
      "MUHargaJual4":1
    ,
      "MUHargaJual5":1
    ,
      "MUHargaMin":1
    ,
      "HargaBeli":"20.600,00 / 1 HGR"
    ,
      "HargaBeliNilai":20600.00
    ,
      "HargaBeliEx1Nilai":0.00
    ,
      "HargaBeliEx2Nilai":0.00
    ,
      "HargaJual1":"1.000,00 / 1 PCS"
    ,
      "HargaJual1Nilai":1000.00
    ,
      "HargaJual1Ex1Nilai":0.00
    ,
      "HargaJual1Ex2Nilai":0.00
    ,
      "HargaJual2":"1.000,00 / 1 PCS"
    ,
      "HargaJual2Nilai":1000.00
    ,
      "HargaJual2Ex1Nilai":0.00
    ,
      "HargaJual2Ex2Nilai":0.00
    ,
      "HargaJual3":"1.000,00 / 1 PCS"
    ,
      "HargaJual3Nilai":1000.00
    ,
      "HargaJual3Ex1Nilai":0.00
    ,
      "HargaJual3Ex2Nilai":0.00
    ,
      "HargaJual4":"1.000,00 / 1 PCS"
    ,
      "HargaJual4Nilai":1000.00
    ,
      "HargaJual4Ex1Nilai":0.00
    ,
      "HargaJual4Ex2Nilai":0.00
    ,
      "HargaJual5":"21.000,00 / 1 HGR"
    ,
      "HargaJual5Nilai":21000.00
    ,
      "HargaJual5Ex1Nilai":0.00
    ,
      "HargaJual5Ex2Nilai":0.00
    ,
      "HargaMin":"- / 1 PCS"
    ,
      "HargaMinNilai":0.00
    ,
      "HargaMinEx1Nilai":0.00
    ,
      "HargaMinEx2Nilai":0.00
    ,
      "HargaBeliPer":1.000
    ,
      "DiscBeliPer":0.00
    ,
      "HargaMinPer":1.000
    ,
      "HargaJual1Per":1.000
    ,
      "HargaJual2Per":1.000
    ,
      "HargaJual3Per":1.000
    ,
      "HargaJual4Per":1.000
    ,
      "HargaJual5Per":1.000
    ,
      "HargaBeliSat":2
    ,
      "HargaMinSat":1
    ,
      "HargaJual1Sat":1
    ,
      "HargaJual2Sat":1
    ,
      "HargaJual3Sat":1
    ,
      "HargaJual4Sat":1
    ,
      "HargaJual5Sat":2
    ,
      "DiscJual1Per1":0.00
    ,
      "DiscJual1Per2":0.00
    ,
      "DiscJual1Per3":0.00
    ,
      "DiscJual2Per1":0.00
    ,
      "DiscJual2Per2":0.00
    ,
      "DiscJual2Per3":0.00
    ,
      "DiscJual3Per1":0.00
    ,
      "DiscJual3Per2":0.00
    ,
      "DiscJual3Per3":0.00
    ,
      "DiscJual4Per1":0.00
    ,
      "DiscJual4Per2":0.00
    ,
      "DiscJual4Per3":0.00
    ,
      "DiscJual5Per1":0.00
    ,
      "DiscJual5Per2":0.00
    ,
      "DiscJual5Per3":0.00
    ,
      "VendorID":0
    ,
      "Vendor":""
    ,
      "DefaultSatuan":1
    ,
      "SatuanEceran":1
    ,
      "MinJualJumlah":0.000
    ,
      "MinJualSatuan":1
    ,
      "Sat_01":"PCS"
    ,
      "Sat_02":"HGR"
    ,
      "Sat_03":""
    ,
      "Sat_04":""
    ,
      "Sat_05":""
    ,
      "Sat_06":""
    ,
      "Sat_07":""
    ,
      "Sat_08":""
    ,
      "Sat_09":""
    ,
      "Sat_10":""
    ,
      "Sat_K_01":1.0000
    ,
      "Sat_K_02":24.0000
    ,
      "Sat_K_03":0.0000
    ,
      "Sat_K_04":0.0000
    ,
      "Sat_K_05":0.0000
    ,
      "Sat_K_06":0.0000
    ,
      "Sat_K_07":0.0000
    ,
      "Sat_K_08":0.0000
    ,
      "Sat_K_09":0.0000
    ,
      "Sat_K_10":0.0000
    ,
      "Catatan":""
    ,
      "Picture":""
    ,
      "PictureExist":0
    ,
      "Gudang_01":1
    ,
      "Gudang_02":1
    ,
      "Gudang_03":1
    ,
      "Gudang_04":1
    ,
      "Gudang_05":1
    ,
      "Gudang_06":1
    ,
      "Gudang_07":1
    ,
      "Gudang_08":1
    ,
      "Gudang_09":1
    ,
      "Gudang_10":1
    ,
      "Gudang_11":1
    ,
      "Gudang_12":1
    ,
      "Gudang_13":1
    ,
      "Gudang_14":1
    ,
      "Gudang_15":1
    ,
      "Gudang_16":1
    ,
      "Gudang_17":1
    ,
      "Gudang_18":1
    ,
      "Gudang_19":1
    ,
      "Gudang_20":1
    ,
      "Gudang_21":1
    ,
      "Gudang_22":1
    ,
      "Gudang_23":1
    ,
      "Gudang_24":1
    ,
      "Gudang_25":1
    ,
      "Gudang_26":1
    ,
      "Gudang_27":1
    ,
      "Gudang_28":1
    ,
      "Gudang_29":1
    ,
      "Gudang_30":1
    ,
      "Tnp_Harga":0
    ,
      "Non_Pajak":0
    ,
      "Flx_Harga":0
    ,
      "Tnp_DisGlb":0
    ,
      "Tnp_Adj01":0
    ,
      "Tnp_Adj02":0
    ,
      "Tnp_Adj03":0
    ,
      "Tnp_Adj04":0
    ,
      "Tnp_Adj05":0
    ,
      "Tnp_Charge":0
    ,
      "Blh_BwhHbl":0
    ,
      "Tnp_SpsDsc":0
    ,
      "Non_Bonus":0
    ,
      "NotAvailable":0
    ,
      "TO_InputHarga":0
    ,
      "SubInfo1":""
    ,
      "SubInfo2":""
    ,
      "SubInfo3":""
    ,
      "SubInfo4":""
    }
  ,
    {
      "ID":5
    ,
      "Jenis":0
    ,
      "Kode":"8992772123068"
    ,
      "KodeC2":"8992772123068"
    ,
      "KodeC3":"8992772123068"
    ,
      "KodeC4":"8992772123068"
    ,
      "KodeC5":"8992772123068"
    ,
      "Kode2":""
    ,
      "GrpStkID":3
    ,
      "GroupStk":"OBAT"
    ,
      "GrpSt2ID":0
    ,
      "GroupSt2":"---"
    ,
      "GrpSt3ID":0
    ,
      "GroupSt3":"---"
    ,
      "Nama":"ADEM SARI KOTAK 6'S"
    ,
      "NamaEx1":""
    ,
      "NamaEx2":""
    ,
      "ExtInfo1":""
    ,
      "ExtInfo2":""
    ,
      "ExtInfo3":""
    ,
      "MUHargaBeli":1
    ,
      "MUHargaJual1":1
    ,
      "MUHargaJual2":1
    ,
      "MUHargaJual3":1
    ,
      "MUHargaJual4":1
    ,
      "MUHargaJual5":1
    ,
      "MUHargaMin":1
    ,
      "HargaBeli":"5.000,00 / 1 KTK"
    ,
      "HargaBeliNilai":5000.00
    ,
      "HargaBeliEx1Nilai":0.00
    ,
      "HargaBeliEx2Nilai":0.00
    ,
      "HargaJual1":"6.000,00 / 1 KTK"
    ,
      "HargaJual1Nilai":6000.00
    ,
      "HargaJual1Ex1Nilai":0.00
    ,
      "HargaJual1Ex2Nilai":0.00
    ,
      "HargaJual2":"6.000,00 / 1 KTK"
    ,
      "HargaJual2Nilai":6000.00
    ,
      "HargaJual2Ex1Nilai":0.00
    ,
      "HargaJual2Ex2Nilai":0.00
    ,
      "HargaJual3":"6.000,00 / 1 KTK"
    ,
      "HargaJual3Nilai":6000.00
    ,
      "HargaJual3Ex1Nilai":0.00
    ,
      "HargaJual3Ex2Nilai":0.00
    ,
      "HargaJual4":"6.000,00 / 1 KTK"
    ,
      "HargaJual4Nilai":6000.00
    ,
      "HargaJual4Ex1Nilai":0.00
    ,
      "HargaJual4Ex2Nilai":0.00
    ,
      "HargaJual5":"5.500,00 / 1 KTK"
    ,
      "HargaJual5Nilai":5500.00
    ,
      "HargaJual5Ex1Nilai":0.00
    ,
      "HargaJual5Ex2Nilai":0.00
    ,
      "HargaMin":"- / 1 KTK"
    ,
      "HargaMinNilai":0.00
    ,
      "HargaMinEx1Nilai":0.00
    ,
      "HargaMinEx2Nilai":0.00
    ,
      "HargaBeliPer":1.000
    ,
      "DiscBeliPer":0.00
    ,
      "HargaMinPer":1.000
    ,
      "HargaJual1Per":1.000
    ,
      "HargaJual2Per":1.000
    ,
      "HargaJual3Per":1.000
    ,
      "HargaJual4Per":1.000
    ,
      "HargaJual5Per":1.000
    ,
      "HargaBeliSat":1
    ,
      "HargaMinSat":1
    ,
      "HargaJual1Sat":1
    ,
      "HargaJual2Sat":1
    ,
      "HargaJual3Sat":1
    ,
      "HargaJual4Sat":1
    ,
      "HargaJual5Sat":1
    ,
      "DiscJual1Per1":0.00
    ,
      "DiscJual1Per2":0.00
    ,
      "DiscJual1Per3":0.00
    ,
      "DiscJual2Per1":0.00
    ,
      "DiscJual2Per2":0.00
    ,
      "DiscJual2Per3":0.00
    ,
      "DiscJual3Per1":0.00
    ,
      "DiscJual3Per2":0.00
    ,
      "DiscJual3Per3":0.00
    ,
      "DiscJual4Per1":0.00
    ,
      "DiscJual4Per2":0.00
    ,
      "DiscJual4Per3":0.00
    ,
      "DiscJual5Per1":0.00
    ,
      "DiscJual5Per2":0.00
    ,
      "DiscJual5Per3":0.00
    ,
      "VendorID":0
    ,
      "Vendor":""
    ,
      "DefaultSatuan":1
    ,
      "SatuanEceran":1
    ,
      "MinJualJumlah":0.000
    ,
      "MinJualSatuan":1
    ,
      "Sat_01":"KTK"
    ,
      "Sat_02":""
    ,
      "Sat_03":""
    ,
      "Sat_04":""
    ,
      "Sat_05":""
    ,
      "Sat_06":""
    ,
      "Sat_07":""
    ,
      "Sat_08":""
    ,
      "Sat_09":""
    ,
      "Sat_10":""
    ,
      "Sat_K_01":1.0000
    ,
      "Sat_K_02":0.0000
    ,
      "Sat_K_03":0.0000
    ,
      "Sat_K_04":0.0000
    ,
      "Sat_K_05":0.0000
    ,
      "Sat_K_06":0.0000
    ,
      "Sat_K_07":0.0000
    ,
      "Sat_K_08":0.0000
    ,
      "Sat_K_09":0.0000
    ,
      "Sat_K_10":0.0000
    ,
      "Catatan":""
    ,
      "Picture":""
    ,
      "PictureExist":0
    ,
      "Gudang_01":1
    ,
      "Gudang_02":1
    ,
      "Gudang_03":1
    ,
      "Gudang_04":1
    ,
      "Gudang_05":1
    ,
      "Gudang_06":1
    ,
      "Gudang_07":1
    ,
      "Gudang_08":1
    ,
      "Gudang_09":1
    ,
      "Gudang_10":1
    ,
      "Gudang_11":1
    ,
      "Gudang_12":1
    ,
      "Gudang_13":1
    ,
      "Gudang_14":1
    ,
      "Gudang_15":1
    ,
      "Gudang_16":1
    ,
      "Gudang_17":1
    ,
      "Gudang_18":1
    ,
      "Gudang_19":1
    ,
      "Gudang_20":1
    ,
      "Gudang_21":1
    ,
      "Gudang_22":1
    ,
      "Gudang_23":1
    ,
      "Gudang_24":1
    ,
      "Gudang_25":1
    ,
      "Gudang_26":1
    ,
      "Gudang_27":1
    ,
      "Gudang_28":1
    ,
      "Gudang_29":1
    ,
      "Gudang_30":1
    ,
      "Tnp_Harga":0
    ,
      "Non_Pajak":0
    ,
      "Flx_Harga":0
    ,
      "Tnp_DisGlb":0
    ,
      "Tnp_Adj01":0
    ,
      "Tnp_Adj02":0
    ,
      "Tnp_Adj03":0
    ,
      "Tnp_Adj04":0
    ,
      "Tnp_Adj05":0
    ,
      "Tnp_Charge":0
    ,
      "Blh_BwhHbl":0
    ,
      "Tnp_SpsDsc":0
    ,
      "Non_Bonus":0
    ,
      "NotAvailable":0
    ,
      "TO_InputHarga":0
    ,
      "SubInfo1":""
    ,
      "SubInfo2":""
    ,
      "SubInfo3":""
    ,
      "SubInfo4":""
    }
  ,
    {
      "ID":11
    ,
      "Jenis":3
    ,
      "Kode":"AQUAPAKET"
    ,
      "KodeC2":"AQUAPAKET"
    ,
      "KodeC3":"AQUAPAKET"
    ,
      "KodeC4":"AQUAPAKET"
    ,
      "KodeC5":"AQUAPAKET"
    ,
      "Kode2":""
    ,
      "GrpStkID":1
    ,
      "GroupStk":"MINUMAN"
    ,
      "GrpSt2ID":0
    ,
      "GroupSt2":"---"
    ,
      "GrpSt3ID":0
    ,
      "GroupSt3":"---"
    ,
      "Nama":"AQUA 330ML + 5 GELAS AQUA 240ML"
    ,
      "NamaEx1":""
    ,
      "NamaEx2":""
    ,
      "ExtInfo1":""
    ,
      "ExtInfo2":""
    ,
      "ExtInfo3":""
    ,
      "MUHargaBeli":1
    ,
      "MUHargaJual1":1
    ,
      "MUHargaJual2":1
    ,
      "MUHargaJual3":1
    ,
      "MUHargaJual4":1
    ,
      "MUHargaJual5":1
    ,
      "MUHargaMin":1
    ,
      "HargaBeli":"- / 1 PCS"
    ,
      "HargaBeliNilai":0.00
    ,
      "HargaBeliEx1Nilai":0.00
    ,
      "HargaBeliEx2Nilai":0.00
    ,
      "HargaJual1":"10.000,00 / 1 PCS"
    ,
      "HargaJual1Nilai":10000.00
    ,
      "HargaJual1Ex1Nilai":0.00
    ,
      "HargaJual1Ex2Nilai":0.00
    ,
      "HargaJual2":"10.000,00 / 1 PCS"
    ,
      "HargaJual2Nilai":10000.00
    ,
      "HargaJual2Ex1Nilai":0.00
    ,
      "HargaJual2Ex2Nilai":0.00
    ,
      "HargaJual3":"10.000,00 / 1 PCS"
    ,
      "HargaJual3Nilai":10000.00
    ,
      "HargaJual3Ex1Nilai":0.00
    ,
      "HargaJual3Ex2Nilai":0.00
    ,
      "HargaJual4":"10.000,00 / 1 PCS"
    ,
      "HargaJual4Nilai":10000.00
    ,
      "HargaJual4Ex1Nilai":0.00
    ,
      "HargaJual4Ex2Nilai":0.00
    ,
      "HargaJual5":"10.000,00 / 1 PCS"
    ,
      "HargaJual5Nilai":10000.00
    ,
      "HargaJual5Ex1Nilai":0.00
    ,
      "HargaJual5Ex2Nilai":0.00
    ,
      "HargaMin":"- / 1 PCS"
    ,
      "HargaMinNilai":0.00
    ,
      "HargaMinEx1Nilai":0.00
    ,
      "HargaMinEx2Nilai":0.00
    ,
      "HargaBeliPer":1.000
    ,
      "DiscBeliPer":0.00
    ,
      "HargaMinPer":1.000
    ,
      "HargaJual1Per":1.000
    ,
      "HargaJual2Per":1.000
    ,
      "HargaJual3Per":1.000
    ,
      "HargaJual4Per":1.000
    ,
      "HargaJual5Per":1.000
    ,
      "HargaBeliSat":1
    ,
      "HargaMinSat":1
    ,
      "HargaJual1Sat":1
    ,
      "HargaJual2Sat":1
    ,
      "HargaJual3Sat":1
    ,
      "HargaJual4Sat":1
    ,
      "HargaJual5Sat":1
    ,
      "DiscJual1Per1":0.00
    ,
      "DiscJual1Per2":0.00
    ,
      "DiscJual1Per3":0.00
    ,
      "DiscJual2Per1":0.00
    ,
      "DiscJual2Per2":0.00
    ,
      "DiscJual2Per3":0.00
    ,
      "DiscJual3Per1":0.00
    ,
      "DiscJual3Per2":0.00
    ,
      "DiscJual3Per3":0.00
    ,
      "DiscJual4Per1":0.00
    ,
      "DiscJual4Per2":0.00
    ,
      "DiscJual4Per3":0.00
    ,
      "DiscJual5Per1":0.00
    ,
      "DiscJual5Per2":0.00
    ,
      "DiscJual5Per3":0.00
    ,
      "VendorID":0
    ,
      "Vendor":""
    ,
      "DefaultSatuan":1
    ,
      "SatuanEceran":1
    ,
      "MinJualJumlah":0.000
    ,
      "MinJualSatuan":1
    ,
      "Sat_01":"PCS"
    ,
      "Sat_02":""
    ,
      "Sat_03":""
    ,
      "Sat_04":""
    ,
      "Sat_05":""
    ,
      "Sat_06":""
    ,
      "Sat_07":""
    ,
      "Sat_08":""
    ,
      "Sat_09":""
    ,
      "Sat_10":""
    ,
      "Sat_K_01":1.0000
    ,
      "Sat_K_02":0.0000
    ,
      "Sat_K_03":0.0000
    ,
      "Sat_K_04":0.0000
    ,
      "Sat_K_05":0.0000
    ,
      "Sat_K_06":0.0000
    ,
      "Sat_K_07":0.0000
    ,
      "Sat_K_08":0.0000
    ,
      "Sat_K_09":0.0000
    ,
      "Sat_K_10":0.0000
    ,
      "Catatan":""
    ,
      "Picture":""
    ,
      "PictureExist":0
    ,
      "Gudang_01":1
    ,
      "Gudang_02":1
    ,
      "Gudang_03":1
    ,
      "Gudang_04":1
    ,
      "Gudang_05":1
    ,
      "Gudang_06":1
    ,
      "Gudang_07":1
    ,
      "Gudang_08":1
    ,
      "Gudang_09":1
    ,
      "Gudang_10":1
    ,
      "Gudang_11":1
    ,
      "Gudang_12":1
    ,
      "Gudang_13":1
    ,
      "Gudang_14":1
    ,
      "Gudang_15":1
    ,
      "Gudang_16":1
    ,
      "Gudang_17":1
    ,
      "Gudang_18":1
    ,
      "Gudang_19":1
    ,
      "Gudang_20":1
    ,
      "Gudang_21":1
    ,
      "Gudang_22":1
    ,
      "Gudang_23":1
    ,
      "Gudang_24":1
    ,
      "Gudang_25":1
    ,
      "Gudang_26":1
    ,
      "Gudang_27":1
    ,
      "Gudang_28":1
    ,
      "Gudang_29":1
    ,
      "Gudang_30":1
    ,
      "Tnp_Harga":0
    ,
      "Non_Pajak":0
    ,
      "Flx_Harga":0
    ,
      "Tnp_DisGlb":0
    ,
      "Tnp_Adj01":0
    ,
      "Tnp_Adj02":0
    ,
      "Tnp_Adj03":0
    ,
      "Tnp_Adj04":0
    ,
      "Tnp_Adj05":0
    ,
      "Tnp_Charge":0
    ,
      "Blh_BwhHbl":0
    ,
      "Tnp_SpsDsc":0
    ,
      "Non_Bonus":0
    ,
      "NotAvailable":0
    ,
      "TO_InputHarga":0
    ,
      "SubInfo1":""
    ,
      "SubInfo2":""
    ,
      "SubInfo3":""
    ,
      "SubInfo4":""
    }
  ,
    {
      "ID":7
    ,
      "Jenis":0
    ,
      "Kode":"8886008101336"
    ,
      "KodeC2":"8886008101336"
    ,
      "KodeC3":"8886008101336"
    ,
      "KodeC4":"8886008101336"
    ,
      "KodeC5":"8886008101336"
    ,
      "Kode2":""
    ,
      "GrpStkID":1
    ,
      "GroupStk":"MINUMAN"
    ,
      "GrpSt2ID":0
    ,
      "GroupSt2":"---"
    ,
      "GrpSt3ID":0
    ,
      "GroupSt3":"---"
    ,
      "Nama":"AQUA BOTOL 330ML"
    ,
      "NamaEx1":""
    ,
      "NamaEx2":""
    ,
      "ExtInfo1":""
    ,
      "ExtInfo2":""
    ,
      "ExtInfo3":""
    ,
      "MUHargaBeli":1
    ,
      "MUHargaJual1":1
    ,
      "MUHargaJual2":1
    ,
      "MUHargaJual3":1
    ,
      "MUHargaJual4":1
    ,
      "MUHargaJual5":1
    ,
      "MUHargaMin":1
    ,
      "HargaBeli":"22.000,00 / 1 DUS"
    ,
      "HargaBeliNilai":22000.00
    ,
      "HargaBeliEx1Nilai":0.00
    ,
      "HargaBeliEx2Nilai":0.00
    ,
      "HargaJual1":"1.000,00 / 1 BTL"
    ,
      "HargaJual1Nilai":1000.00
    ,
      "HargaJual1Ex1Nilai":0.00
    ,
      "HargaJual1Ex2Nilai":0.00
    ,
      "HargaJual2":"1.000,00 / 1 BTL"
    ,
      "HargaJual2Nilai":1000.00
    ,
      "HargaJual2Ex1Nilai":0.00
    ,
      "HargaJual2Ex2Nilai":0.00
    ,
      "HargaJual3":"1.000,00 / 1 BTL"
    ,
      "HargaJual3Nilai":1000.00
    ,
      "HargaJual3Ex1Nilai":0.00
    ,
      "HargaJual3Ex2Nilai":0.00
    ,
      "HargaJual4":"1.000,00 / 1 BTL"
    ,
      "HargaJual4Nilai":1000.00
    ,
      "HargaJual4Ex1Nilai":0.00
    ,
      "HargaJual4Ex2Nilai":0.00
    ,
      "HargaJual5":"23.000,00 / 1 DUS"
    ,
      "HargaJual5Nilai":23000.00
    ,
      "HargaJual5Ex1Nilai":0.00
    ,
      "HargaJual5Ex2Nilai":0.00
    ,
      "HargaMin":"- / 1 BTL"
    ,
      "HargaMinNilai":0.00
    ,
      "HargaMinEx1Nilai":0.00
    ,
      "HargaMinEx2Nilai":0.00
    ,
      "HargaBeliPer":1.000
    ,
      "DiscBeliPer":0.00
    ,
      "HargaMinPer":1.000
    ,
      "HargaJual1Per":1.000
    ,
      "HargaJual2Per":1.000
    ,
      "HargaJual3Per":1.000
    ,
      "HargaJual4Per":1.000
    ,
      "HargaJual5Per":1.000
    ,
      "HargaBeliSat":2
    ,
      "HargaMinSat":1
    ,
      "HargaJual1Sat":1
    ,
      "HargaJual2Sat":1
    ,
      "HargaJual3Sat":1
    ,
      "HargaJual4Sat":1
    ,
      "HargaJual5Sat":2
    ,
      "DiscJual1Per1":0.00
    ,
      "DiscJual1Per2":0.00
    ,
      "DiscJual1Per3":0.00
    ,
      "DiscJual2Per1":0.00
    ,
      "DiscJual2Per2":0.00
    ,
      "DiscJual2Per3":0.00
    ,
      "DiscJual3Per1":0.00
    ,
      "DiscJual3Per2":0.00
    ,
      "DiscJual3Per3":0.00
    ,
      "DiscJual4Per1":0.00
    ,
      "DiscJual4Per2":0.00
    ,
      "DiscJual4Per3":0.00
    ,
      "DiscJual5Per1":0.00
    ,
      "DiscJual5Per2":0.00
    ,
      "DiscJual5Per3":0.00
    ,
      "VendorID":0
    ,
      "Vendor":""
    ,
      "DefaultSatuan":1
    ,
      "SatuanEceran":1
    ,
      "MinJualJumlah":0.000
    ,
      "MinJualSatuan":1
    ,
      "Sat_01":"BTL"
    ,
      "Sat_02":"DUS"
    ,
      "Sat_03":""
    ,
      "Sat_04":""
    ,
      "Sat_05":""
    ,
      "Sat_06":""
    ,
      "Sat_07":""
    ,
      "Sat_08":""
    ,
      "Sat_09":""
    ,
      "Sat_10":""
    ,
      "Sat_K_01":1.0000
    ,
      "Sat_K_02":24.0000
    ,
      "Sat_K_03":0.0000
    ,
      "Sat_K_04":0.0000
    ,
      "Sat_K_05":0.0000
    ,
      "Sat_K_06":0.0000
    ,
      "Sat_K_07":0.0000
    ,
      "Sat_K_08":0.0000
    ,
      "Sat_K_09":0.0000
    ,
      "Sat_K_10":0.0000
    ,
      "Catatan":""
    ,
      "Picture":""
    ,
      "PictureExist":0
    ,
      "Gudang_01":1
    ,
      "Gudang_02":1
    ,
      "Gudang_03":1
    ,
      "Gudang_04":1
    ,
      "Gudang_05":1
    ,
      "Gudang_06":1
    ,
      "Gudang_07":1
    ,
      "Gudang_08":1
    ,
      "Gudang_09":1
    ,
      "Gudang_10":1
    ,
      "Gudang_11":1
    ,
      "Gudang_12":1
    ,
      "Gudang_13":1
    ,
      "Gudang_14":1
    ,
      "Gudang_15":1
    ,
      "Gudang_16":1
    ,
      "Gudang_17":1
    ,
      "Gudang_18":1
    ,
      "Gudang_19":1
    ,
      "Gudang_20":1
    ,
      "Gudang_21":1
    ,
      "Gudang_22":1
    ,
      "Gudang_23":1
    ,
      "Gudang_24":1
    ,
      "Gudang_25":1
    ,
      "Gudang_26":1
    ,
      "Gudang_27":1
    ,
      "Gudang_28":1
    ,
      "Gudang_29":1
    ,
      "Gudang_30":1
    ,
      "Tnp_Harga":0
    ,
      "Non_Pajak":0
    ,
      "Flx_Harga":0
    ,
      "Tnp_DisGlb":0
    ,
      "Tnp_Adj01":0
    ,
      "Tnp_Adj02":0
    ,
      "Tnp_Adj03":0
    ,
      "Tnp_Adj04":0
    ,
      "Tnp_Adj05":0
    ,
      "Tnp_Charge":0
    ,
      "Blh_BwhHbl":0
    ,
      "Tnp_SpsDsc":0
    ,
      "Non_Bonus":0
    ,
      "NotAvailable":0
    ,
      "TO_InputHarga":0
    ,
      "SubInfo1":""
    ,
      "SubInfo2":""
    ,
      "SubInfo3":""
    ,
      "SubInfo4":""
    }
  ,
    {
      "ID":8
    ,
      "Jenis":2
    ,
      "Kode":"AQUA330"
    ,
      "KodeC2":"AQUA330"
    ,
      "KodeC3":"AQUA330"
    ,
      "KodeC4":"AQUA330"
    ,
      "KodeC5":"AQUA330"
    ,
      "Kode2":""
    ,
      "GrpStkID":1
    ,
      "GroupStk":"MINUMAN"
    ,
      "GrpSt2ID":0
    ,
      "GroupSt2":"---"
    ,
      "GrpSt3ID":0
    ,
      "GroupSt3":"---"
    ,
      "Nama":"AQUA BOTOL 330ML (DUS)"
    ,
      "NamaEx1":""
    ,
      "NamaEx2":""
    ,
      "ExtInfo1":""
    ,
      "ExtInfo2":""
    ,
      "ExtInfo3":""
    ,
      "MUHargaBeli":1
    ,
      "MUHargaJual1":1
    ,
      "MUHargaJual2":1
    ,
      "MUHargaJual3":1
    ,
      "MUHargaJual4":1
    ,
      "MUHargaJual5":1
    ,
      "MUHargaMin":1
    ,
      "HargaBeli":"22.000,00 / 1 DUS"
    ,
      "HargaBeliNilai":22000.00
    ,
      "HargaBeliEx1Nilai":0.00
    ,
      "HargaBeliEx2Nilai":0.00
    ,
      "HargaJual1":"24.000,00 / 1 DUS"
    ,
      "HargaJual1Nilai":24000.00
    ,
      "HargaJual1Ex1Nilai":0.00
    ,
      "HargaJual1Ex2Nilai":0.00
    ,
      "HargaJual2":"24.000,00 / 1 DUS"
    ,
      "HargaJual2Nilai":24000.00
    ,
      "HargaJual2Ex1Nilai":0.00
    ,
      "HargaJual2Ex2Nilai":0.00
    ,
      "HargaJual3":"24.000,00 / 1 DUS"
    ,
      "HargaJual3Nilai":24000.00
    ,
      "HargaJual3Ex1Nilai":0.00
    ,
      "HargaJual3Ex2Nilai":0.00
    ,
      "HargaJual4":"24.000,00 / 1 DUS"
    ,
      "HargaJual4Nilai":24000.00
    ,
      "HargaJual4Ex1Nilai":0.00
    ,
      "HargaJual4Ex2Nilai":0.00
    ,
      "HargaJual5":"23.000,00 / 1 DUS"
    ,
      "HargaJual5Nilai":23000.00
    ,
      "HargaJual5Ex1Nilai":0.00
    ,
      "HargaJual5Ex2Nilai":0.00
    ,
      "HargaMin":"- / 1 DUS"
    ,
      "HargaMinNilai":0.00
    ,
      "HargaMinEx1Nilai":0.00
    ,
      "HargaMinEx2Nilai":0.00
    ,
      "HargaBeliPer":1.000
    ,
      "DiscBeliPer":0.00
    ,
      "HargaMinPer":1.000
    ,
      "HargaJual1Per":1.000
    ,
      "HargaJual2Per":1.000
    ,
      "HargaJual3Per":1.000
    ,
      "HargaJual4Per":1.000
    ,
      "HargaJual5Per":1.000
    ,
      "HargaBeliSat":1
    ,
      "HargaMinSat":1
    ,
      "HargaJual1Sat":1
    ,
      "HargaJual2Sat":1
    ,
      "HargaJual3Sat":1
    ,
      "HargaJual4Sat":1
    ,
      "HargaJual5Sat":1
    ,
      "DiscJual1Per1":0.00
    ,
      "DiscJual1Per2":0.00
    ,
      "DiscJual1Per3":0.00
    ,
      "DiscJual2Per1":0.00
    ,
      "DiscJual2Per2":0.00
    ,
      "DiscJual2Per3":0.00
    ,
      "DiscJual3Per1":0.00
    ,
      "DiscJual3Per2":0.00
    ,
      "DiscJual3Per3":0.00
    ,
      "DiscJual4Per1":0.00
    ,
      "DiscJual4Per2":0.00
    ,
      "DiscJual4Per3":0.00
    ,
      "DiscJual5Per1":0.00
    ,
      "DiscJual5Per2":0.00
    ,
      "DiscJual5Per3":0.00
    ,
      "VendorID":0
    ,
      "Vendor":""
    ,
      "DefaultSatuan":1
    ,
      "SatuanEceran":1
    ,
      "MinJualJumlah":0.000
    ,
      "MinJualSatuan":1
    ,
      "Sat_01":"DUS"
    ,
      "Sat_02":""
    ,
      "Sat_03":""
    ,
      "Sat_04":""
    ,
      "Sat_05":""
    ,
      "Sat_06":""
    ,
      "Sat_07":""
    ,
      "Sat_08":""
    ,
      "Sat_09":""
    ,
      "Sat_10":""
    ,
      "Sat_K_01":1.0000
    ,
      "Sat_K_02":0.0000
    ,
      "Sat_K_03":0.0000
    ,
      "Sat_K_04":0.0000
    ,
      "Sat_K_05":0.0000
    ,
      "Sat_K_06":0.0000
    ,
      "Sat_K_07":0.0000
    ,
      "Sat_K_08":0.0000
    ,
      "Sat_K_09":0.0000
    ,
      "Sat_K_10":0.0000
    ,
      "Catatan":""
    ,
      "Picture":""
    ,
      "PictureExist":0
    ,
      "Gudang_01":1
    ,
      "Gudang_02":1
    ,
      "Gudang_03":1
    ,
      "Gudang_04":1
    ,
      "Gudang_05":1
    ,
      "Gudang_06":1
    ,
      "Gudang_07":1
    ,
      "Gudang_08":1
    ,
      "Gudang_09":1
    ,
      "Gudang_10":1
    ,
      "Gudang_11":1
    ,
      "Gudang_12":1
    ,
      "Gudang_13":1
    ,
      "Gudang_14":1
    ,
      "Gudang_15":1
    ,
      "Gudang_16":1
    ,
      "Gudang_17":1
    ,
      "Gudang_18":1
    ,
      "Gudang_19":1
    ,
      "Gudang_20":1
    ,
      "Gudang_21":1
    ,
      "Gudang_22":1
    ,
      "Gudang_23":1
    ,
      "Gudang_24":1
    ,
      "Gudang_25":1
    ,
      "Gudang_26":1
    ,
      "Gudang_27":1
    ,
      "Gudang_28":1
    ,
      "Gudang_29":1
    ,
      "Gudang_30":1
    ,
      "Tnp_Harga":0
    ,
      "Non_Pajak":0
    ,
      "Flx_Harga":0
    ,
      "Tnp_DisGlb":0
    ,
      "Tnp_Adj01":0
    ,
      "Tnp_Adj02":0
    ,
      "Tnp_Adj03":0
    ,
      "Tnp_Adj04":0
    ,
      "Tnp_Adj05":0
    ,
      "Tnp_Charge":0
    ,
      "Blh_BwhHbl":0
    ,
      "Tnp_SpsDsc":0
    ,
      "Non_Bonus":0
    ,
      "NotAvailable":0
    ,
      "TO_InputHarga":0
    ,
      "SubInfo1":""
    ,
      "SubInfo2":""
    ,
      "SubInfo3":""
    ,
      "SubInfo4":""
    }
  ,
    {
      "ID":9
    ,
      "Jenis":0
    ,
      "Kode":"8886008101046"
    ,
      "KodeC2":"8886008101046"
    ,
      "KodeC3":"8886008101046"
    ,
      "KodeC4":"8886008101046"
    ,
      "KodeC5":"8886008101046"
    ,
      "Kode2":""
    ,
      "GrpStkID":1
    ,
      "GroupStk":"MINUMAN"
    ,
      "GrpSt2ID":0
    ,
      "GroupSt2":"---"
    ,
      "GrpSt3ID":0
    ,
      "GroupSt3":"---"
    ,
      "Nama":"AQUA GELAS 240ML"
    ,
      "NamaEx1":""
    ,
      "NamaEx2":""
    ,
      "ExtInfo1":""
    ,
      "ExtInfo2":""
    ,
      "ExtInfo3":""
    ,
      "MUHargaBeli":1
    ,
      "MUHargaJual1":1
    ,
      "MUHargaJual2":1
    ,
      "MUHargaJual3":1
    ,
      "MUHargaJual4":1
    ,
      "MUHargaJual5":1
    ,
      "MUHargaMin":1
    ,
      "HargaBeli":"18.000,00 / 1 DUS"
    ,
      "HargaBeliNilai":18000.00
    ,
      "HargaBeliEx1Nilai":0.00
    ,
      "HargaBeliEx2Nilai":0.00
    ,
      "HargaJual1":"500,00 / 1 PCS"
    ,
      "HargaJual1Nilai":500.00
    ,
      "HargaJual1Ex1Nilai":0.00
    ,
      "HargaJual1Ex2Nilai":0.00
    ,
      "HargaJual2":"500,00 / 1 PCS"
    ,
      "HargaJual2Nilai":500.00
    ,
      "HargaJual2Ex1Nilai":0.00
    ,
      "HargaJual2Ex2Nilai":0.00
    ,
      "HargaJual3":"500,00 / 1 PCS"
    ,
      "HargaJual3Nilai":500.00
    ,
      "HargaJual3Ex1Nilai":0.00
    ,
      "HargaJual3Ex2Nilai":0.00
    ,
      "HargaJual4":"500,00 / 1 PCS"
    ,
      "HargaJual4Nilai":500.00
    ,
      "HargaJual4Ex1Nilai":0.00
    ,
      "HargaJual4Ex2Nilai":0.00
    ,
      "HargaJual5":"20.000,00 / 1 DUS"
    ,
      "HargaJual5Nilai":20000.00
    ,
      "HargaJual5Ex1Nilai":0.00
    ,
      "HargaJual5Ex2Nilai":0.00
    ,
      "HargaMin":"- / 1 PCS"
    ,
      "HargaMinNilai":0.00
    ,
      "HargaMinEx1Nilai":0.00
    ,
      "HargaMinEx2Nilai":0.00
    ,
      "HargaBeliPer":1.000
    ,
      "DiscBeliPer":0.00
    ,
      "HargaMinPer":1.000
    ,
      "HargaJual1Per":1.000
    ,
      "HargaJual2Per":1.000
    ,
      "HargaJual3Per":1.000
    ,
      "HargaJual4Per":1.000
    ,
      "HargaJual5Per":1.000
    ,
      "HargaBeliSat":2
    ,
      "HargaMinSat":1
    ,
      "HargaJual1Sat":1
    ,
      "HargaJual2Sat":1
    ,
      "HargaJual3Sat":1
    ,
      "HargaJual4Sat":1
    ,
      "HargaJual5Sat":2
    ,
      "DiscJual1Per1":0.00
    ,
      "DiscJual1Per2":0.00
    ,
      "DiscJual1Per3":0.00
    ,
      "DiscJual2Per1":0.00
    ,
      "DiscJual2Per2":0.00
    ,
      "DiscJual2Per3":0.00
    ,
      "DiscJual3Per1":0.00
    ,
      "DiscJual3Per2":0.00
    ,
      "DiscJual3Per3":0.00
    ,
      "DiscJual4Per1":0.00
    ,
      "DiscJual4Per2":0.00
    ,
      "DiscJual4Per3":0.00
    ,
      "DiscJual5Per1":0.00
    ,
      "DiscJual5Per2":0.00
    ,
      "DiscJual5Per3":0.00
    ,
      "VendorID":0
    ,
      "Vendor":""
    ,
      "DefaultSatuan":1
    ,
      "SatuanEceran":1
    ,
      "MinJualJumlah":0.000
    ,
      "MinJualSatuan":1
    ,
      "Sat_01":"PCS"
    ,
      "Sat_02":"DUS"
    ,
      "Sat_03":""
    ,
      "Sat_04":""
    ,
      "Sat_05":""
    ,
      "Sat_06":""
    ,
      "Sat_07":""
    ,
      "Sat_08":""
    ,
      "Sat_09":""
    ,
      "Sat_10":""
    ,
      "Sat_K_01":1.0000
    ,
      "Sat_K_02":48.0000
    ,
      "Sat_K_03":0.0000
    ,
      "Sat_K_04":0.0000
    ,
      "Sat_K_05":0.0000
    ,
      "Sat_K_06":0.0000
    ,
      "Sat_K_07":0.0000
    ,
      "Sat_K_08":0.0000
    ,
      "Sat_K_09":0.0000
    ,
      "Sat_K_10":0.0000
    ,
      "Catatan":""
    ,
      "Picture":""
    ,
      "PictureExist":0
    ,
      "Gudang_01":1
    ,
      "Gudang_02":1
    ,
      "Gudang_03":1
    ,
      "Gudang_04":1
    ,
      "Gudang_05":1
    ,
      "Gudang_06":1
    ,
      "Gudang_07":1
    ,
      "Gudang_08":1
    ,
      "Gudang_09":1
    ,
      "Gudang_10":1
    ,
      "Gudang_11":1
    ,
      "Gudang_12":1
    ,
      "Gudang_13":1
    ,
      "Gudang_14":1
    ,
      "Gudang_15":1
    ,
      "Gudang_16":1
    ,
      "Gudang_17":1
    ,
      "Gudang_18":1
    ,
      "Gudang_19":1
    ,
      "Gudang_20":1
    ,
      "Gudang_21":1
    ,
      "Gudang_22":1
    ,
      "Gudang_23":1
    ,
      "Gudang_24":1
    ,
      "Gudang_25":1
    ,
      "Gudang_26":1
    ,
      "Gudang_27":1
    ,
      "Gudang_28":1
    ,
      "Gudang_29":1
    ,
      "Gudang_30":1
    ,
      "Tnp_Harga":0
    ,
      "Non_Pajak":0
    ,
      "Flx_Harga":0
    ,
      "Tnp_DisGlb":0
    ,
      "Tnp_Adj01":0
    ,
      "Tnp_Adj02":0
    ,
      "Tnp_Adj03":0
    ,
      "Tnp_Adj04":0
    ,
      "Tnp_Adj05":0
    ,
      "Tnp_Charge":0
    ,
      "Blh_BwhHbl":0
    ,
      "Tnp_SpsDsc":0
    ,
      "Non_Bonus":0
    ,
      "NotAvailable":0
    ,
      "TO_InputHarga":0
    ,
      "SubInfo1":""
    ,
      "SubInfo2":""
    ,
      "SubInfo3":""
    ,
      "SubInfo4":""
    }
  ,
    {
      "ID":10
    ,
      "Jenis":2
    ,
      "Kode":"AQUA240"
    ,
      "KodeC2":"AQUA240"
    ,
      "KodeC3":"AQUA240"
    ,
      "KodeC4":"AQUA240"
    ,
      "KodeC5":"AQUA240"
    ,
      "Kode2":""
    ,
      "GrpStkID":1
    ,
      "GroupStk":"MINUMAN"
    ,
      "GrpSt2ID":0
    ,
      "GroupSt2":"---"
    ,
      "GrpSt3ID":0
    ,
      "GroupSt3":"---"
    ,
      "Nama":"AQUA GELAS 240ML (DUS)"
    ,
      "NamaEx1":""
    ,
      "NamaEx2":""
    ,
      "ExtInfo1":""
    ,
      "ExtInfo2":""
    ,
      "ExtInfo3":""
    ,
      "MUHargaBeli":1
    ,
      "MUHargaJual1":1
    ,
      "MUHargaJual2":1
    ,
      "MUHargaJual3":1
    ,
      "MUHargaJual4":1
    ,
      "MUHargaJual5":1
    ,
      "MUHargaMin":1
    ,
      "HargaBeli":"18.000,00 / 1 DUS"
    ,
      "HargaBeliNilai":18000.00
    ,
      "HargaBeliEx1Nilai":0.00
    ,
      "HargaBeliEx2Nilai":0.00
    ,
      "HargaJual1":"22.000,00 / 1 DUS"
    ,
      "HargaJual1Nilai":22000.00
    ,
      "HargaJual1Ex1Nilai":0.00
    ,
      "HargaJual1Ex2Nilai":0.00
    ,
      "HargaJual2":"22.000,00 / 1 DUS"
    ,
      "HargaJual2Nilai":22000.00
    ,
      "HargaJual2Ex1Nilai":0.00
    ,
      "HargaJual2Ex2Nilai":0.00
    ,
      "HargaJual3":"22.000,00 / 1 DUS"
    ,
      "HargaJual3Nilai":22000.00
    ,
      "HargaJual3Ex1Nilai":0.00
    ,
      "HargaJual3Ex2Nilai":0.00
    ,
      "HargaJual4":"22.000,00 / 1 DUS"
    ,
      "HargaJual4Nilai":22000.00
    ,
      "HargaJual4Ex1Nilai":0.00
    ,
      "HargaJual4Ex2Nilai":0.00
    ,
      "HargaJual5":"20.000,00 / 1 DUS"
    ,
      "HargaJual5Nilai":20000.00
    ,
      "HargaJual5Ex1Nilai":0.00
    ,
      "HargaJual5Ex2Nilai":0.00
    ,
      "HargaMin":"- / 1 DUS"
    ,
      "HargaMinNilai":0.00
    ,
      "HargaMinEx1Nilai":0.00
    ,
      "HargaMinEx2Nilai":0.00
    ,
      "HargaBeliPer":1.000
    ,
      "DiscBeliPer":0.00
    ,
      "HargaMinPer":1.000
    ,
      "HargaJual1Per":1.000
    ,
      "HargaJual2Per":1.000
    ,
      "HargaJual3Per":1.000
    ,
      "HargaJual4Per":1.000
    ,
      "HargaJual5Per":1.000
    ,
      "HargaBeliSat":1
    ,
      "HargaMinSat":1
    ,
      "HargaJual1Sat":1
    ,
      "HargaJual2Sat":1
    ,
      "HargaJual3Sat":1
    ,
      "HargaJual4Sat":1
    ,
      "HargaJual5Sat":1
    ,
      "DiscJual1Per1":0.00
    ,
      "DiscJual1Per2":0.00
    ,
      "DiscJual1Per3":0.00
    ,
      "DiscJual2Per1":0.00
    ,
      "DiscJual2Per2":0.00
    ,
      "DiscJual2Per3":0.00
    ,
      "DiscJual3Per1":0.00
    ,
      "DiscJual3Per2":0.00
    ,
      "DiscJual3Per3":0.00
    ,
      "DiscJual4Per1":0.00
    ,
      "DiscJual4Per2":0.00
    ,
      "DiscJual4Per3":0.00
    ,
      "DiscJual5Per1":0.00
    ,
      "DiscJual5Per2":0.00
    ,
      "DiscJual5Per3":0.00
    ,
      "VendorID":0
    ,
      "Vendor":""
    ,
      "DefaultSatuan":1
    ,
      "SatuanEceran":1
    ,
      "MinJualJumlah":0.000
    ,
      "MinJualSatuan":1
    ,
      "Sat_01":"DUS"
    ,
      "Sat_02":""
    ,
      "Sat_03":""
    ,
      "Sat_04":""
    ,
      "Sat_05":""
    ,
      "Sat_06":""
    ,
      "Sat_07":""
    ,
      "Sat_08":""
    ,
      "Sat_09":""
    ,
      "Sat_10":""
    ,
      "Sat_K_01":1.0000
    ,
      "Sat_K_02":0.0000
    ,
      "Sat_K_03":0.0000
    ,
      "Sat_K_04":0.0000
    ,
      "Sat_K_05":0.0000
    ,
      "Sat_K_06":0.0000
    ,
      "Sat_K_07":0.0000
    ,
      "Sat_K_08":0.0000
    ,
      "Sat_K_09":0.0000
    ,
      "Sat_K_10":0.0000
    ,
      "Catatan":""
    ,
      "Picture":""
    ,
      "PictureExist":0
    ,
      "Gudang_01":1
    ,
      "Gudang_02":1
    ,
      "Gudang_03":1
    ,
      "Gudang_04":1
    ,
      "Gudang_05":1
    ,
      "Gudang_06":1
    ,
      "Gudang_07":1
    ,
      "Gudang_08":1
    ,
      "Gudang_09":1
    ,
      "Gudang_10":1
    ,
      "Gudang_11":1
    ,
      "Gudang_12":1
    ,
      "Gudang_13":1
    ,
      "Gudang_14":1
    ,
      "Gudang_15":1
    ,
      "Gudang_16":1
    ,
      "Gudang_17":1
    ,
      "Gudang_18":1
    ,
      "Gudang_19":1
    ,
      "Gudang_20":1
    ,
      "Gudang_21":1
    ,
      "Gudang_22":1
    ,
      "Gudang_23":1
    ,
      "Gudang_24":1
    ,
      "Gudang_25":1
    ,
      "Gudang_26":1
    ,
      "Gudang_27":1
    ,
      "Gudang_28":1
    ,
      "Gudang_29":1
    ,
      "Gudang_30":1
    ,
      "Tnp_Harga":0
    ,
      "Non_Pajak":0
    ,
      "Flx_Harga":0
    ,
      "Tnp_DisGlb":0
    ,
      "Tnp_Adj01":0
    ,
      "Tnp_Adj02":0
    ,
      "Tnp_Adj03":0
    ,
      "Tnp_Adj04":0
    ,
      "Tnp_Adj05":0
    ,
      "Tnp_Charge":0
    ,
      "Blh_BwhHbl":0
    ,
      "Tnp_SpsDsc":0
    ,
      "Non_Bonus":0
    ,
      "NotAvailable":0
    ,
      "TO_InputHarga":0
    ,
      "SubInfo1":""
    ,
      "SubInfo2":""
    ,
      "SubInfo3":""
    ,
      "SubInfo4":""
    }
  ,
    {
      "ID":1
    ,
      "Jenis":0
    ,
      "Kode":"8992761111014"
    ,
      "KodeC2":"8992761111014"
    ,
      "KodeC3":"8992761111014"
    ,
      "KodeC4":"8992761111014"
    ,
      "KodeC5":"8992761111014"
    ,
      "Kode2":""
    ,
      "GrpStkID":1
    ,
      "GroupStk":"MINUMAN"
    ,
      "GrpSt2ID":0
    ,
      "GroupSt2":"---"
    ,
      "GrpSt3ID":0
    ,
      "GroupSt3":"---"
    ,
      "Nama":"COCA COLA KALENG 330ML"
    ,
      "NamaEx1":""
    ,
      "NamaEx2":""
    ,
      "ExtInfo1":""
    ,
      "ExtInfo2":""
    ,
      "ExtInfo3":""
    ,
      "MUHargaBeli":1
    ,
      "MUHargaJual1":1
    ,
      "MUHargaJual2":1
    ,
      "MUHargaJual3":1
    ,
      "MUHargaJual4":1
    ,
      "MUHargaJual5":1
    ,
      "MUHargaMin":1
    ,
      "HargaBeli":"67.000,00 / 1 DUS"
    ,
      "HargaBeliNilai":67000.00
    ,
      "HargaBeliEx1Nilai":0.00
    ,
      "HargaBeliEx2Nilai":0.00
    ,
      "HargaJual1":"3.300,00 / 1 KLG"
    ,
      "HargaJual1Nilai":3300.00
    ,
      "HargaJual1Ex1Nilai":0.00
    ,
      "HargaJual1Ex2Nilai":0.00
    ,
      "HargaJual2":"16.000,00 / 5 KLG"
    ,
      "HargaJual2Nilai":16000.00
    ,
      "HargaJual2Ex1Nilai":0.00
    ,
      "HargaJual2Ex2Nilai":0.00
    ,
      "HargaJual3":"16.000,00 / 5 KLG"
    ,
      "HargaJual3Nilai":16000.00
    ,
      "HargaJual3Ex1Nilai":0.00
    ,
      "HargaJual3Ex2Nilai":0.00
    ,
      "HargaJual4":"16.000,00 / 5 KLG"
    ,
      "HargaJual4Nilai":16000.00
    ,
      "HargaJual4Ex1Nilai":0.00
    ,
      "HargaJual4Ex2Nilai":0.00
    ,
      "HargaJual5":"3.150,00 / 1 KLG"
    ,
      "HargaJual5Nilai":3150.00
    ,
      "HargaJual5Ex1Nilai":0.00
    ,
      "HargaJual5Ex2Nilai":0.00
    ,
      "HargaMin":"- / 1 KLG"
    ,
      "HargaMinNilai":0.00
    ,
      "HargaMinEx1Nilai":0.00
    ,
      "HargaMinEx2Nilai":0.00
    ,
      "HargaBeliPer":1.000
    ,
      "DiscBeliPer":0.00
    ,
      "HargaMinPer":1.000
    ,
      "HargaJual1Per":1.000
    ,
      "HargaJual2Per":5.000
    ,
      "HargaJual3Per":5.000
    ,
      "HargaJual4Per":5.000
    ,
      "HargaJual5Per":1.000
    ,
      "HargaBeliSat":2
    ,
      "HargaMinSat":1
    ,
      "HargaJual1Sat":1
    ,
      "HargaJual2Sat":1
    ,
      "HargaJual3Sat":1
    ,
      "HargaJual4Sat":1
    ,
      "HargaJual5Sat":1
    ,
      "DiscJual1Per1":0.00
    ,
      "DiscJual1Per2":0.00
    ,
      "DiscJual1Per3":0.00
    ,
      "DiscJual2Per1":0.00
    ,
      "DiscJual2Per2":0.00
    ,
      "DiscJual2Per3":0.00
    ,
      "DiscJual3Per1":0.00
    ,
      "DiscJual3Per2":0.00
    ,
      "DiscJual3Per3":0.00
    ,
      "DiscJual4Per1":0.00
    ,
      "DiscJual4Per2":0.00
    ,
      "DiscJual4Per3":0.00
    ,
      "DiscJual5Per1":0.00
    ,
      "DiscJual5Per2":0.00
    ,
      "DiscJual5Per3":0.00
    ,
      "VendorID":0
    ,
      "Vendor":""
    ,
      "DefaultSatuan":1
    ,
      "SatuanEceran":1
    ,
      "MinJualJumlah":0.000
    ,
      "MinJualSatuan":1
    ,
      "Sat_01":"KLG"
    ,
      "Sat_02":"DUS"
    ,
      "Sat_03":""
    ,
      "Sat_04":""
    ,
      "Sat_05":""
    ,
      "Sat_06":""
    ,
      "Sat_07":""
    ,
      "Sat_08":""
    ,
      "Sat_09":""
    ,
      "Sat_10":""
    ,
      "Sat_K_01":1.0000
    ,
      "Sat_K_02":24.0000
    ,
      "Sat_K_03":0.0000
    ,
      "Sat_K_04":0.0000
    ,
      "Sat_K_05":0.0000
    ,
      "Sat_K_06":0.0000
    ,
      "Sat_K_07":0.0000
    ,
      "Sat_K_08":0.0000
    ,
      "Sat_K_09":0.0000
    ,
      "Sat_K_10":0.0000
    ,
      "Catatan":""
    ,
      "Picture":""
    ,
      "PictureExist":0
    ,
      "Gudang_01":1
    ,
      "Gudang_02":1
    ,
      "Gudang_03":1
    ,
      "Gudang_04":1
    ,
      "Gudang_05":1
    ,
      "Gudang_06":1
    ,
      "Gudang_07":1
    ,
      "Gudang_08":1
    ,
      "Gudang_09":1
    ,
      "Gudang_10":1
    ,
      "Gudang_11":1
    ,
      "Gudang_12":1
    ,
      "Gudang_13":1
    ,
      "Gudang_14":1
    ,
      "Gudang_15":1
    ,
      "Gudang_16":1
    ,
      "Gudang_17":1
    ,
      "Gudang_18":1
    ,
      "Gudang_19":1
    ,
      "Gudang_20":1
    ,
      "Gudang_21":1
    ,
      "Gudang_22":1
    ,
      "Gudang_23":1
    ,
      "Gudang_24":1
    ,
      "Gudang_25":1
    ,
      "Gudang_26":1
    ,
      "Gudang_27":1
    ,
      "Gudang_28":1
    ,
      "Gudang_29":1
    ,
      "Gudang_30":1
    ,
      "Tnp_Harga":0
    ,
      "Non_Pajak":0
    ,
      "Flx_Harga":0
    ,
      "Tnp_DisGlb":0
    ,
      "Tnp_Adj01":0
    ,
      "Tnp_Adj02":0
    ,
      "Tnp_Adj03":0
    ,
      "Tnp_Adj04":0
    ,
      "Tnp_Adj05":0
    ,
      "Tnp_Charge":0
    ,
      "Blh_BwhHbl":0
    ,
      "Tnp_SpsDsc":0
    ,
      "Non_Bonus":0
    ,
      "NotAvailable":0
    ,
      "TO_InputHarga":0
    ,
      "SubInfo1":""
    ,
      "SubInfo2":""
    ,
      "SubInfo3":""
    ,
      "SubInfo4":""
    }
  ,
    {
      "ID":2
    ,
      "Jenis":2
    ,
      "Kode":"COCA330"
    ,
      "KodeC2":"COCA330"
    ,
      "KodeC3":"COCA330"
    ,
      "KodeC4":"COCA330"
    ,
      "KodeC5":"COCA330"
    ,
      "Kode2":""
    ,
      "GrpStkID":1
    ,
      "GroupStk":"MINUMAN"
    ,
      "GrpSt2ID":0
    ,
      "GroupSt2":"---"
    ,
      "GrpSt3ID":0
    ,
      "GroupSt3":"---"
    ,
      "Nama":"COCA COLA KALENG 330ML (DUS) TEST awd"
    ,
      "NamaEx1":""
    ,
      "NamaEx2":""
    ,
      "ExtInfo1":""
    ,
      "ExtInfo2":""
    ,
      "ExtInfo3":""
    ,
      "MUHargaBeli":1
    ,
      "MUHargaJual1":1
    ,
      "MUHargaJual2":1
    ,
      "MUHargaJual3":1
    ,
      "MUHargaJual4":1
    ,
      "MUHargaJual5":1
    ,
      "MUHargaMin":1
    ,
      "HargaBeli":"67.000,00 / 1 DUS"
    ,
      "HargaBeliNilai":67000.00
    ,
      "HargaBeliEx1Nilai":0.00
    ,
      "HargaBeliEx2Nilai":0.00
    ,
      "HargaJual1":"70.000,00 / 1 DUS"
    ,
      "HargaJual1Nilai":70000.00
    ,
      "HargaJual1Ex1Nilai":0.00
    ,
      "HargaJual1Ex2Nilai":0.00
    ,
      "HargaJual2":"70.000,00 / 1 DUS"
    ,
      "HargaJual2Nilai":70000.00
    ,
      "HargaJual2Ex1Nilai":0.00
    ,
      "HargaJual2Ex2Nilai":0.00
    ,
      "HargaJual3":"70.000,00 / 1 DUS"
    ,
      "HargaJual3Nilai":70000.00
    ,
      "HargaJual3Ex1Nilai":0.00
    ,
      "HargaJual3Ex2Nilai":0.00
    ,
      "HargaJual4":"70.000,00 / 1 DUS"
    ,
      "HargaJual4Nilai":70000.00
    ,
      "HargaJual4Ex1Nilai":0.00
    ,
      "HargaJual4Ex2Nilai":0.00
    ,
      "HargaJual5":"69.000,00 / 1 DUS"
    ,
      "HargaJual5Nilai":69000.00
    ,
      "HargaJual5Ex1Nilai":0.00
    ,
      "HargaJual5Ex2Nilai":0.00
    ,
      "HargaMin":"- / 1 DUS"
    ,
      "HargaMinNilai":0.00
    ,
      "HargaMinEx1Nilai":0.00
    ,
      "HargaMinEx2Nilai":0.00
    ,
      "HargaBeliPer":1.000
    ,
      "DiscBeliPer":0.00
    ,
      "HargaMinPer":1.000
    ,
      "HargaJual1Per":1.000
    ,
      "HargaJual2Per":1.000
    ,
      "HargaJual3Per":1.000
    ,
      "HargaJual4Per":1.000
    ,
      "HargaJual5Per":1.000
    ,
      "HargaBeliSat":1
    ,
      "HargaMinSat":1
    ,
      "HargaJual1Sat":1
    ,
      "HargaJual2Sat":1
    ,
      "HargaJual3Sat":1
    ,
      "HargaJual4Sat":1
    ,
      "HargaJual5Sat":1
    ,
      "DiscJual1Per1":0.00
    ,
      "DiscJual1Per2":0.00
    ,
      "DiscJual1Per3":0.00
    ,
      "DiscJual2Per1":0.00
    ,
      "DiscJual2Per2":0.00
    ,
      "DiscJual2Per3":0.00
    ,
      "DiscJual3Per1":0.00
    ,
      "DiscJual3Per2":0.00
    ,
      "DiscJual3Per3":0.00
    ,
      "DiscJual4Per1":0.00
    ,
      "DiscJual4Per2":0.00
    ,
      "DiscJual4Per3":0.00
    ,
      "DiscJual5Per1":0.00
    ,
      "DiscJual5Per2":0.00
    ,
      "DiscJual5Per3":0.00
    ,
      "VendorID":0
    ,
      "Vendor":""
    ,
      "DefaultSatuan":1
    ,
      "SatuanEceran":1
    ,
      "MinJualJumlah":0.000
    ,
      "MinJualSatuan":1
    ,
      "Sat_01":"DUS"
    ,
      "Sat_02":""
    ,
      "Sat_03":""
    ,
      "Sat_04":""
    ,
      "Sat_05":""
    ,
      "Sat_06":""
    ,
      "Sat_07":""
    ,
      "Sat_08":""
    ,
      "Sat_09":""
    ,
      "Sat_10":""
    ,
      "Sat_K_01":1.0000
    ,
      "Sat_K_02":0.0000
    ,
      "Sat_K_03":0.0000
    ,
      "Sat_K_04":0.0000
    ,
      "Sat_K_05":0.0000
    ,
      "Sat_K_06":0.0000
    ,
      "Sat_K_07":0.0000
    ,
      "Sat_K_08":0.0000
    ,
      "Sat_K_09":0.0000
    ,
      "Sat_K_10":0.0000
    ,
      "Catatan":""
    ,
      "Picture":""
    ,
      "PictureExist":0
    ,
      "Gudang_01":1
    ,
      "Gudang_02":1
    ,
      "Gudang_03":1
    ,
      "Gudang_04":1
    ,
      "Gudang_05":1
    ,
      "Gudang_06":1
    ,
      "Gudang_07":1
    ,
      "Gudang_08":1
    ,
      "Gudang_09":1
    ,
      "Gudang_10":1
    ,
      "Gudang_11":1
    ,
      "Gudang_12":1
    ,
      "Gudang_13":1
    ,
      "Gudang_14":1
    ,
      "Gudang_15":1
    ,
      "Gudang_16":1
    ,
      "Gudang_17":1
    ,
      "Gudang_18":1
    ,
      "Gudang_19":1
    ,
      "Gudang_20":1
    ,
      "Gudang_21":1
    ,
      "Gudang_22":1
    ,
      "Gudang_23":1
    ,
      "Gudang_24":1
    ,
      "Gudang_25":1
    ,
      "Gudang_26":1
    ,
      "Gudang_27":1
    ,
      "Gudang_28":1
    ,
      "Gudang_29":1
    ,
      "Gudang_30":1
    ,
      "Tnp_Harga":0
    ,
      "Non_Pajak":0
    ,
      "Flx_Harga":0
    ,
      "Tnp_DisGlb":0
    ,
      "Tnp_Adj01":0
    ,
      "Tnp_Adj02":0
    ,
      "Tnp_Adj03":0
    ,
      "Tnp_Adj04":0
    ,
      "Tnp_Adj05":0
    ,
      "Tnp_Charge":0
    ,
      "Blh_BwhHbl":0
    ,
      "Tnp_SpsDsc":0
    ,
      "Non_Bonus":0
    ,
      "NotAvailable":0
    ,
      "TO_InputHarga":0
    ,
      "SubInfo1":""
    ,
      "SubInfo2":""
    ,
      "SubInfo3":""
    ,
      "SubInfo4":""
    }
  ,
    {
      "ID":3
    ,
      "Jenis":0
    ,
      "Kode":"76239878"
    ,
      "KodeC2":"76239878"
    ,
      "KodeC3":"76239878"
    ,
      "KodeC4":"76239878"
    ,
      "KodeC5":"76239878"
    ,
      "Kode2":""
    ,
      "GrpStkID":2
    ,
      "GroupStk":"ROKOK"
    ,
      "GrpSt2ID":0
    ,
      "GroupSt2":"---"
    ,
      "GrpSt3ID":0
    ,
      "GroupSt3":"---"
    ,
      "Nama":"MARLBORO LIGHT"
    ,
      "NamaEx1":""
    ,
      "NamaEx2":""
    ,
      "ExtInfo1":""
    ,
      "ExtInfo2":""
    ,
      "ExtInfo3":""
    ,
      "MUHargaBeli":1
    ,
      "MUHargaJual1":1
    ,
      "MUHargaJual2":1
    ,
      "MUHargaJual3":1
    ,
      "MUHargaJual4":1
    ,
      "MUHargaJual5":1
    ,
      "MUHargaMin":1
    ,
      "HargaBeli":"81.000,00 / 1 SLOP"
    ,
      "HargaBeliNilai":81000.00
    ,
      "HargaBeliEx1Nilai":0.00
    ,
      "HargaBeliEx2Nilai":0.00
    ,
      "HargaJual1":"9.000,00 / 1 BKS"
    ,
      "HargaJual1Nilai":9000.00
    ,
      "HargaJual1Ex1Nilai":0.00
    ,
      "HargaJual1Ex2Nilai":0.00
    ,
      "HargaJual2":"9.000,00 / 1 BKS"
    ,
      "HargaJual2Nilai":9000.00
    ,
      "HargaJual2Ex1Nilai":0.00
    ,
      "HargaJual2Ex2Nilai":0.00
    ,
      "HargaJual3":"9.000,00 / 1 BKS"
    ,
      "HargaJual3Nilai":9000.00
    ,
      "HargaJual3Ex1Nilai":0.00
    ,
      "HargaJual3Ex2Nilai":0.00
    ,
      "HargaJual4":"9.000,00 / 1 BKS"
    ,
      "HargaJual4Nilai":9000.00
    ,
      "HargaJual4Ex1Nilai":0.00
    ,
      "HargaJual4Ex2Nilai":0.00
    ,
      "HargaJual5":"85.000,00 / 1 SLOP"
    ,
      "HargaJual5Nilai":85000.00
    ,
      "HargaJual5Ex1Nilai":0.00
    ,
      "HargaJual5Ex2Nilai":0.00
    ,
      "HargaMin":"- / 1 BKS"
    ,
      "HargaMinNilai":0.00
    ,
      "HargaMinEx1Nilai":0.00
    ,
      "HargaMinEx2Nilai":0.00
    ,
      "HargaBeliPer":1.000
    ,
      "DiscBeliPer":0.00
    ,
      "HargaMinPer":1.000
    ,
      "HargaJual1Per":1.000
    ,
      "HargaJual2Per":1.000
    ,
      "HargaJual3Per":1.000
    ,
      "HargaJual4Per":1.000
    ,
      "HargaJual5Per":1.000
    ,
      "HargaBeliSat":2
    ,
      "HargaMinSat":1
    ,
      "HargaJual1Sat":1
    ,
      "HargaJual2Sat":1
    ,
      "HargaJual3Sat":1
    ,
      "HargaJual4Sat":1
    ,
      "HargaJual5Sat":2
    ,
      "DiscJual1Per1":0.00
    ,
      "DiscJual1Per2":0.00
    ,
      "DiscJual1Per3":0.00
    ,
      "DiscJual2Per1":0.00
    ,
      "DiscJual2Per2":0.00
    ,
      "DiscJual2Per3":0.00
    ,
      "DiscJual3Per1":0.00
    ,
      "DiscJual3Per2":0.00
    ,
      "DiscJual3Per3":0.00
    ,
      "DiscJual4Per1":0.00
    ,
      "DiscJual4Per2":0.00
    ,
      "DiscJual4Per3":0.00
    ,
      "DiscJual5Per1":0.00
    ,
      "DiscJual5Per2":0.00
    ,
      "DiscJual5Per3":0.00
    ,
      "VendorID":0
    ,
      "Vendor":""
    ,
      "DefaultSatuan":1
    ,
      "SatuanEceran":1
    ,
      "MinJualJumlah":0.000
    ,
      "MinJualSatuan":1
    ,
      "Sat_01":"BKS"
    ,
      "Sat_02":"SLOP"
    ,
      "Sat_03":""
    ,
      "Sat_04":""
    ,
      "Sat_05":""
    ,
      "Sat_06":""
    ,
      "Sat_07":""
    ,
      "Sat_08":""
    ,
      "Sat_09":""
    ,
      "Sat_10":""
    ,
      "Sat_K_01":1.0000
    ,
      "Sat_K_02":10.0000
    ,
      "Sat_K_03":0.0000
    ,
      "Sat_K_04":0.0000
    ,
      "Sat_K_05":0.0000
    ,
      "Sat_K_06":0.0000
    ,
      "Sat_K_07":0.0000
    ,
      "Sat_K_08":0.0000
    ,
      "Sat_K_09":0.0000
    ,
      "Sat_K_10":0.0000
    ,
      "Catatan":""
    ,
      "Picture":""
    ,
      "PictureExist":0
    ,
      "Gudang_01":1
    ,
      "Gudang_02":1
    ,
      "Gudang_03":1
    ,
      "Gudang_04":1
    ,
      "Gudang_05":1
    ,
      "Gudang_06":1
    ,
      "Gudang_07":1
    ,
      "Gudang_08":1
    ,
      "Gudang_09":1
    ,
      "Gudang_10":1
    ,
      "Gudang_11":1
    ,
      "Gudang_12":1
    ,
      "Gudang_13":1
    ,
      "Gudang_14":1
    ,
      "Gudang_15":1
    ,
      "Gudang_16":1
    ,
      "Gudang_17":1
    ,
      "Gudang_18":1
    ,
      "Gudang_19":1
    ,
      "Gudang_20":1
    ,
      "Gudang_21":1
    ,
      "Gudang_22":1
    ,
      "Gudang_23":1
    ,
      "Gudang_24":1
    ,
      "Gudang_25":1
    ,
      "Gudang_26":1
    ,
      "Gudang_27":1
    ,
      "Gudang_28":1
    ,
      "Gudang_29":1
    ,
      "Gudang_30":1
    ,
      "Tnp_Harga":0
    ,
      "Non_Pajak":0
    ,
      "Flx_Harga":0
    ,
      "Tnp_DisGlb":0
    ,
      "Tnp_Adj01":0
    ,
      "Tnp_Adj02":0
    ,
      "Tnp_Adj03":0
    ,
      "Tnp_Adj04":0
    ,
      "Tnp_Adj05":0
    ,
      "Tnp_Charge":0
    ,
      "Blh_BwhHbl":0
    ,
      "Tnp_SpsDsc":0
    ,
      "Non_Bonus":0
    ,
      "NotAvailable":0
    ,
      "TO_InputHarga":0
    ,
      "SubInfo1":""
    ,
      "SubInfo2":""
    ,
      "SubInfo3":""
    ,
      "SubInfo4":""
    }
  ,
    {
      "ID":4
    ,
      "Jenis":2
    ,
      "Kode":"7616400001573"
    ,
      "KodeC2":"7616400001573"
    ,
      "KodeC3":"7616400001573"
    ,
      "KodeC4":"7616400001573"
    ,
      "KodeC5":"7616400001573"
    ,
      "Kode2":""
    ,
      "GrpStkID":2
    ,
      "GroupStk":"ROKOK"
    ,
      "GrpSt2ID":0
    ,
      "GroupSt2":"---"
    ,
      "GrpSt3ID":0
    ,
      "GroupSt3":"---"
    ,
      "Nama":"MARLBORO LIGHT (SLOP)"
    ,
      "NamaEx1":""
    ,
      "NamaEx2":""
    ,
      "ExtInfo1":""
    ,
      "ExtInfo2":""
    ,
      "ExtInfo3":""
    ,
      "MUHargaBeli":1
    ,
      "MUHargaJual1":1
    ,
      "MUHargaJual2":1
    ,
      "MUHargaJual3":1
    ,
      "MUHargaJual4":1
    ,
      "MUHargaJual5":1
    ,
      "MUHargaMin":1
    ,
      "HargaBeli":"81.000,00 / 1 SLOP"
    ,
      "HargaBeliNilai":81000.00
    ,
      "HargaBeliEx1Nilai":0.00
    ,
      "HargaBeliEx2Nilai":0.00
    ,
      "HargaJual1":"86.000,00 / 1 SLOP"
    ,
      "HargaJual1Nilai":86000.00
    ,
      "HargaJual1Ex1Nilai":0.00
    ,
      "HargaJual1Ex2Nilai":0.00
    ,
      "HargaJual2":"86.000,00 / 1 SLOP"
    ,
      "HargaJual2Nilai":86000.00
    ,
      "HargaJual2Ex1Nilai":0.00
    ,
      "HargaJual2Ex2Nilai":0.00
    ,
      "HargaJual3":"86.000,00 / 1 SLOP"
    ,
      "HargaJual3Nilai":86000.00
    ,
      "HargaJual3Ex1Nilai":0.00
    ,
      "HargaJual3Ex2Nilai":0.00
    ,
      "HargaJual4":"86.000,00 / 1 SLOP"
    ,
      "HargaJual4Nilai":86000.00
    ,
      "HargaJual4Ex1Nilai":0.00
    ,
      "HargaJual4Ex2Nilai":0.00
    ,
      "HargaJual5":"85.000,00 / 1 SLOP"
    ,
      "HargaJual5Nilai":85000.00
    ,
      "HargaJual5Ex1Nilai":0.00
    ,
      "HargaJual5Ex2Nilai":0.00
    ,
      "HargaMin":"- / 1 SLOP"
    ,
      "HargaMinNilai":0.00
    ,
      "HargaMinEx1Nilai":0.00
    ,
      "HargaMinEx2Nilai":0.00
    ,
      "HargaBeliPer":1.000
    ,
      "DiscBeliPer":0.00
    ,
      "HargaMinPer":1.000
    ,
      "HargaJual1Per":1.000
    ,
      "HargaJual2Per":1.000
    ,
      "HargaJual3Per":1.000
    ,
      "HargaJual4Per":1.000
    ,
      "HargaJual5Per":1.000
    ,
      "HargaBeliSat":1
    ,
      "HargaMinSat":1
    ,
      "HargaJual1Sat":1
    ,
      "HargaJual2Sat":1
    ,
      "HargaJual3Sat":1
    ,
      "HargaJual4Sat":1
    ,
      "HargaJual5Sat":1
    ,
      "DiscJual1Per1":0.00
    ,
      "DiscJual1Per2":0.00
    ,
      "DiscJual1Per3":0.00
    ,
      "DiscJual2Per1":0.00
    ,
      "DiscJual2Per2":0.00
    ,
      "DiscJual2Per3":0.00
    ,
      "DiscJual3Per1":0.00
    ,
      "DiscJual3Per2":0.00
    ,
      "DiscJual3Per3":0.00
    ,
      "DiscJual4Per1":0.00
    ,
      "DiscJual4Per2":0.00
    ,
      "DiscJual4Per3":0.00
    ,
      "DiscJual5Per1":0.00
    ,
      "DiscJual5Per2":0.00
    ,
      "DiscJual5Per3":0.00
    ,
      "VendorID":0
    ,
      "Vendor":""
    ,
      "DefaultSatuan":1
    ,
      "SatuanEceran":1
    ,
      "MinJualJumlah":0.000
    ,
      "MinJualSatuan":1
    ,
      "Sat_01":"SLOP"
    ,
      "Sat_02":""
    ,
      "Sat_03":""
    ,
      "Sat_04":""
    ,
      "Sat_05":""
    ,
      "Sat_06":""
    ,
      "Sat_07":""
    ,
      "Sat_08":""
    ,
      "Sat_09":""
    ,
      "Sat_10":""
    ,
      "Sat_K_01":1.0000
    ,
      "Sat_K_02":0.0000
    ,
      "Sat_K_03":0.0000
    ,
      "Sat_K_04":0.0000
    ,
      "Sat_K_05":0.0000
    ,
      "Sat_K_06":0.0000
    ,
      "Sat_K_07":0.0000
    ,
      "Sat_K_08":0.0000
    ,
      "Sat_K_09":0.0000
    ,
      "Sat_K_10":0.0000
    ,
      "Catatan":""
    ,
      "Picture":""
    ,
      "PictureExist":0
    ,
      "Gudang_01":1
    ,
      "Gudang_02":1
    ,
      "Gudang_03":1
    ,
      "Gudang_04":1
    ,
      "Gudang_05":1
    ,
      "Gudang_06":1
    ,
      "Gudang_07":1
    ,
      "Gudang_08":1
    ,
      "Gudang_09":1
    ,
      "Gudang_10":1
    ,
      "Gudang_11":1
    ,
      "Gudang_12":1
    ,
      "Gudang_13":1
    ,
      "Gudang_14":1
    ,
      "Gudang_15":1
    ,
      "Gudang_16":1
    ,
      "Gudang_17":1
    ,
      "Gudang_18":1
    ,
      "Gudang_19":1
    ,
      "Gudang_20":1
    ,
      "Gudang_21":1
    ,
      "Gudang_22":1
    ,
      "Gudang_23":1
    ,
      "Gudang_24":1
    ,
      "Gudang_25":1
    ,
      "Gudang_26":1
    ,
      "Gudang_27":1
    ,
      "Gudang_28":1
    ,
      "Gudang_29":1
    ,
      "Gudang_30":1
    ,
      "Tnp_Harga":0
    ,
      "Non_Pajak":0
    ,
      "Flx_Harga":0
    ,
      "Tnp_DisGlb":0
    ,
      "Tnp_Adj01":0
    ,
      "Tnp_Adj02":0
    ,
      "Tnp_Adj03":0
    ,
      "Tnp_Adj04":0
    ,
      "Tnp_Adj05":0
    ,
      "Tnp_Charge":0
    ,
      "Blh_BwhHbl":0
    ,
      "Tnp_SpsDsc":0
    ,
      "Non_Bonus":0
    ,
      "NotAvailable":0
    ,
      "TO_InputHarga":0
    ,
      "SubInfo1":""
    ,
      "SubInfo2":""
    ,
      "SubInfo3":""
    ,
      "SubInfo4":""
    }
  ]
, 
  "TotalRecords":11
,
  "LastRec":12
}